{
  "train_loss": [
    2.2462826678423378,
    1.6735448370134927,
    1.4039937734603882,
    1.2324114212175694,
    1.142394365091634,
    1.047459365681904,
    0.9737519442065945,
    0.9062718860017575,
    0.8665071967656051,
    0.8356028343119273,
    0.7913552889978983,
    0.7671492001026626,
    0.764647745964973,
    0.7292458245061277,
    0.7013178187172587,
    0.6962210012402961,
    0.671733400346787,
    0.6578152550793276,
    0.672253889735879,
    0.6516591002059177,
    0.6386968351234266,
    0.6376996555827498,
    0.604433916121479,
    0.612088352635624,
    0.6025835296608568
  ],
  "train_acc": [
    0.4073170731707317,
    0.5360772357723578,
    0.599390243902439,
    0.6391260162601626,
    0.6619918699186992,
    0.6841463414634147,
    0.7123983739837398,
    0.7279471544715447,
    0.740650406504065,
    0.7439024390243902,
    0.758130081300813,
    0.7621951219512195,
    0.7657520325203252,
    0.7745934959349593,
    0.7823170731707317,
    0.7842479674796748,
    0.7916666666666666,
    0.7952235772357723,
    0.786890243902439,
    0.7936991869918699,
    0.8007113821138211,
    0.8017276422764228,
    0.8139227642276423,
    0.8052845528455285,
    0.8088414634146341
  ],
  "val_loss": [
    1.8415913898709142,
    1.3738631823460905,
    1.2431854942822573,
    1.0228797597282324,
    0.8110938643134007,
    0.8542185536852919,
    0.6159716489539154,
    0.6449587634935178,
    0.7296211054877678,
    0.7113304714909249,
    0.5658904959838627,
    0.5651011308307973,
    0.5398411828559647,
    0.5287649393612986,
    0.4835052922295597,
    0.5312617949573881,
    0.5202025750129691,
    0.4733755822433838,
    0.4723588990189461,
    0.46583168950034504,
    0.5297648411974721,
    0.5112772621154013,
    0.42388633717111096,
    0.40853956590498675,
    0.4022752228925062
  ],
  "val_acc": [
    0.44165316224098206,
    0.5956239700317383,
    0.6195299625396729,
    0.6807131171226501,
    0.7406806945800781,
    0.7305510640144348,
    0.807131290435791,
    0.7937601208686829,
    0.7706645131111145,
    0.7617504000663757,
    0.8140194416046143,
    0.8168557286262512,
    0.8273906111717224,
    0.8363047242164612,
    0.8363047242164612,
    0.8310372829437256,
    0.8261750340461731,
    0.854132890701294,
    0.8407617211341858,
    0.8452187776565552,
    0.8209075927734375,
    0.8298217058181763,
    0.8549432754516602,
    0.8707455396652222,
    0.8723663091659546
  ],
  "best_val_acc": 0.8723663091659546,
  "best_epoch": 25
}