{
  "train_loss": [
    1.275377092184499,
    1.031803575111553,
    0.9591156527167186,
    0.8828696100972593,
    0.8549499460496008,
    0.8074335716664791
  ],
  "train_acc": [
    0.540283203125,
    0.608642578125,
    0.6376953125,
    0.671875,
    0.68896484375,
    0.706298828125
  ],
  "val_loss": [
    1.1184768471866846,
    0.9857713191304356,
    1.0423290389589965,
    0.8478400741878431,
    0.7301616070326418,
    0.6990008025895804
  ],
  "val_acc": [
    0.5810546875,
    0.65234375,
    0.625,
    0.6953125,
    0.734375,
    0.7421875
  ],
  "best_val_acc": 0.7421875,
  "best_epoch": 6
}