{
  "train_loss": [
    1.385475683491677,
    1.1040999391116202,
    1.0113215976161882,
    0.9589453494409099,
    0.9040012790355831,
    0.9055797087494284
  ],
  "train_acc": [
    0.50439453125,
    0.594970703125,
    0.634521484375,
    0.652587890625,
    0.669189453125,
    0.668701171875
  ],
  "val_loss": [
    1.1250142755452543,
    1.1967971669510007,
    1.1158891594968736,
    1.0028843898326159,
    0.9328461256809533,
    0.9347018322441727
  ],
  "val_acc": [
    0.5625,
    0.5517578125,
    0.552734375,
    0.63671875,
    0.66015625,
    0.6396484375
  ],
  "best_val_acc": 0.66015625,
  "best_epoch": 5
}