{
  "train_loss": [
    1.8866686842305873,
    1.1973115403477739,
    1.0077585309986177,
    0.9189366698507371,
    0.8463341657950626,
    0.8059354947592184,
    0.7984980687620195,
    0.7509739534520521,
    0.71973160701554,
    0.7241726714421094,
    0.7034227508354962,
    0.6918678516294898,
    0.655014277158714,
    0.6649597569694364,
    0.649637041295447,
    0.6477945221027708,
    0.6176814390331264,
    0.6172983360605512,
    0.6123326684885878,
    0.6127662766755112,
    0.6085723346932148,
    0.5924315917055781,
    0.5900894582150428,
    0.5676482504703165,
    0.5763992082600187
  ],
  "train_acc": [
    0.4929878048780488,
    0.6454268292682926,
    0.693089430894309,
    0.7213414634146341,
    0.7359756097560975,
    0.7481707317073171,
    0.7504065040650406,
    0.7678861788617887,
    0.7779471544715447,
    0.7791666666666667,
    0.7843495934959349,
    0.7827235772357723,
    0.7979674796747968,
    0.7957317073170732,
    0.7958333333333333,
    0.7919715447154472,
    0.8054878048780488,
    0.8084349593495935,
    0.8065040650406504,
    0.8068089430894309,
    0.8101626016260163,
    0.8153455284552845,
    0.8155487804878049,
    0.8171747967479674,
    0.818089430894309
  ],
  "val_loss": [
    1.1960585971319115,
    0.7950164806127935,
    0.9792340892447066,
    0.872581594284002,
    0.6117031808996896,
    0.5990565828314863,
    0.5999329207975242,
    0.6269695266139372,
    0.6039203720309166,
    0.49505449070729546,
    0.5005079848115216,
    0.5171490309690541,
    0.4933215905240521,
    0.4951860078005196,
    0.4385514365361228,
    0.4596927970454604,
    0.44772974465712545,
    0.4549391289125385,
    0.45371224230073837,
    0.44654725345887086,
    0.4958645878435147,
    0.4753401245758831,
    0.43398896040850754,
    0.42688249126438965,
    0.4271969281776991
  ],
  "val_acc": [
    0.6482982039451599,
    0.7621555924415588,
    0.7001620531082153,
    0.7236629128456116,
    0.8123987317085266,
    0.8168557286262512,
    0.7990275621414185,
    0.8022690415382385,
    0.8095623850822449,
    0.8431928753852844,
    0.8492706418037415,
    0.8399513959884644,
    0.8504862189292908,
    0.8492706418037415,
    0.8654780983924866,
    0.8569691777229309,
    0.8610210418701172,
    0.8569691777229309,
    0.851296603679657,
    0.857374370098114,
    0.8500810265541077,
    0.8569691777229309,
    0.8626418113708496,
    0.8626418113708496,
    0.8703403472900391
  ],
  "best_val_acc": 0.8703403472900391,
  "best_epoch": 25
}